Datetime,Water Level (m)
2025-04-19 00:00:00,0.010662198
2025-04-19 01:00:00,0.012883327
2025-04-19 02:00:00,0.01676145
2025-04-19 03:00:00,0.021325858
2025-04-19 04:00:00,0.024009869
2025-04-19 05:00:00,0.024312306
2025-04-19 06:00:00,0.022473762
2025-04-19 07:00:00,0.018640814
2025-04-19 08:00:00,0.012841557
2025-04-19 09:00:00,0.005601358
2025-04-19 10:00:00,-0.0018822927
2025-04-19 11:00:00,-0.005016449
2025-04-19 12:00:00,-0.004500376
2025-04-19 13:00:00,-0.0025190255
2025-04-19 14:00:00,0.0022624205
2025-04-19 15:00:00,0.009142331
2025-04-19 16:00:00,0.017075432
2025-04-19 17:00:00,0.022842232
2025-04-19 18:00:00,0.026185432
2025-04-19 19:00:00,0.027196903
2025-04-19 20:00:00,0.025700675
2025-04-19 21:00:00,0.02294676
2025-04-19 22:00:00,0.01889322
2025-04-19 23:00:00,0.015758937
2025-04-20 00:00:00,0.01435604
2025-04-20 01:00:00,0.015539983
2025-04-20 02:00:00,0.018992847
2025-04-20 03:00:00,0.02355303
2025-04-20 04:00:00,0.028235642
2025-04-20 05:00:00,0.030735929
2025-04-20 06:00:00,0.031054245
2025-04-20 07:00:00,0.029698968
2025-04-20 08:00:00,0.025720349
2025-04-20 09:00:00,0.02044934
2025-04-20 10:00:00,0.012993793
2025-04-20 11:00:00,0.010412678
2025-04-20 12:00:00,0.00847971
2025-04-20 13:00:00,0.009362728
2025-04-20 14:00:00,0.013906653
2025-04-20 15:00:00,0.020773137
2025-04-20 16:00:00,0.029515808
2025-04-20 17:00:00,0.037820503
2025-04-20 18:00:00,0.044874426
2025-04-20 19:00:00,0.049917214
2025-04-20 20:00:00,0.05265055
2025-04-20 21:00:00,0.053288247
2025-04-20 22:00:00,0.052063804
2025-04-20 23:00:00,0.049823206
2025-04-21 00:00:00,0.047867328
2025-04-21 01:00:00,0.048016496
2025-04-21 02:00:00,0.05007246
2025-04-21 03:00:00,0.05347635
2025-04-21 04:00:00,0.0582889
2025-04-21 05:00:00,0.06276749
2025-04-21 06:00:00,0.066224284
2025-04-21 07:00:00,0.06770746
2025-04-21 08:00:00,0.06785158
2025-04-21 09:00:00,0.06651286
2025-04-21 10:00:00,0.06279936
2025-04-21 11:00:00,0.060024332
2025-04-21 12:00:00,0.0564359
2025-04-21 13:00:00,0.055078942
2025-04-21 14:00:00,0.05552239
2025-04-21 15:00:00,0.059100408
2025-04-21 16:00:00,0.064173244
2025-04-21 17:00:00,0.07124204
2025-04-21 18:00:00,0.0798239
2025-04-21 19:00:00,0.08780554
2025-04-21 20:00:00,0.092895165
2025-04-21 21:00:00,0.096125744
2025-04-21 22:00:00,0.09711528
2025-04-21 23:00:00,0.09564547
2025-04-22 00:00:00,0.09266945
2025-04-22 01:00:00,0.08953588
2025-04-22 02:00:00,0.08618383
2025-04-22 03:00:00,0.08543797
2025-04-22 04:00:00,0.08644133
2025-04-22 05:00:00,0.089545295
2025-04-22 06:00:00,0.093663074
2025-04-22 07:00:00,0.09825952
2025-04-22 08:00:00,0.1020509
2025-04-22 09:00:00,0.10320002
2025-04-22 10:00:00,0.102963574
2025-04-22 11:00:00,0.102061756
2025-04-22 12:00:00,0.0976483
2025-04-22 13:00:00,0.09342644
2025-04-22 14:00:00,0.09004559
2025-04-22 15:00:00,0.08851665
2025-04-22 16:00:00,0.089733556
2025-04-22 17:00:00,0.09369428
2025-04-22 18:00:00,0.10157402
2025-04-22 19:00:00,0.10991845
2025-04-22 20:00:00,0.11783172
2025-04-22 21:00:00,0.124930955
2025-04-22 22:00:00,0.1285804
2025-04-22 23:00:00,0.12630449
2025-04-23 00:00:00,0.12458049
2025-04-23 01:00:00,0.118364505
2025-04-23 02:00:00,0.11771806
2025-04-23 03:00:00,0.11367824
2025-04-23 04:00:00,0.113110654
2025-04-23 05:00:00,0.11461731
2025-04-23 06:00:00,0.118438095
2025-04-23 07:00:00,0.12377875
2025-04-23 08:00:00,0.12915908
2025-04-23 09:00:00,0.13432035
2025-04-23 10:00:00,0.13860916
2025-04-23 11:00:00,0.1401698
2025-04-23 12:00:00,0.13866563
2025-04-23 13:00:00,0.13528076
2025-04-23 14:00:00,0.12993374
2025-04-23 15:00:00,0.124996
2025-04-23 16:00:00,0.123254485
2025-04-23 17:00:00,0.12522946
2025-04-23 18:00:00,0.1308214
2025-04-23 19:00:00,0.14040644
2025-04-23 20:00:00,0.1521436
2025-04-23 21:00:00,0.16520059
2025-04-23 22:00:00,0.17556171
2025-04-23 23:00:00,0.18131015
2025-04-24 00:00:00,0.18560307
2025-04-24 01:00:00,0.18666153
2025-04-24 02:00:00,0.18298404
2025-04-24 03:00:00,0.17783307
2025-04-24 04:00:00,0.17332803
2025-04-24 05:00:00,0.17301863
2025-04-24 06:00:00,0.17735128
2025-04-24 07:00:00,0.1851644
2025-04-24 08:00:00,0.19681711
2025-04-24 09:00:00,0.20861845
2025-04-24 10:00:00,0.2185737
2025-04-24 11:00:00,0.22389865
2025-04-24 12:00:00,0.22578499
2025-04-24 13:00:00,0.22523816
2025-04-24 14:00:00,0.22238353
2025-04-24 15:00:00,0.21837647
2025-04-24 16:00:00,0.21575059
2025-04-24 17:00:00,0.21622828
2025-04-24 18:00:00,0.220712
2025-04-24 19:00:00,0.2302171
2025-04-24 20:00:00,0.24291599
2025-04-24 21:00:00,0.2580325
2025-04-24 22:00:00,0.27019352
2025-04-24 23:00:00,0.28003225
2025-04-25 00:00:00,0.28716758
